{
  "739d99a9926c7894:base": -999.0,
  "1da312db049613c7:base": -999.0,
  "790f37104dd9ff0e:base": -999.0,
  "7081c5a5feea248b:base": -999.0,
  "768d1ce4faacb57f:base": 0.5134946214227399,
  "7b58adfae915790a:base": 0.25679154465174425,
  "31997082248d3699:base": 0.14252226910454754,
  "89b5c27a4d9de96a:base": -0.1915634500932021,
  "380b5fb4966aad66:base": -0.1266862094399421,
  "08e611daafa161e9:base": -0.14049425659698647,
  "aa4b78692a262423:base": -0.16353628008063548,
  "95360f047ae01f43:base": -0.05649615004049911,
  "c8b2526925e50ff5:base": -0.10532619236903314,
  "314fe2b6a3500ec4:base": -0.06990154494940663,
  "485d72db7f1e508b:base": -0.07065306820185656,
  "d4b8f0380cc8fdbf:base": -0.14983202824826197,
  "400d2cac2d4c6080:base": -0.04970466821813153,
  "00a3d4c84c64ea46:base": -0.05773976612253337,
  "fb81ccdedd487c9c:base": -0.028705155147438363,
  "f88cad502be0ca51:base": -0.07466873251043972,
  "8085a7e0b60a5f61:base": -0.046373059457291976,
  "f7d882565703472d:base": -0.08290240768226806,
  "9a0e031f4b43ac72:base": -0.19310584634657302,
  "83db60807cf165e7:base": -999.0,
  "8ba02bf2135e56fc:base": -0.10805366138377631,
  "cad8cf71d142bede:base": -0.09663913896009951,
  "d0ec0d0b0dbeddb9:base": -999.0,
  "442a6be088b37ec1:base": -0.04220654924399953,
  "929725b7f95c95d3:base": -999.0,
  "b4c1b0a662cb1442:base": -999.0,
  "e7fdb2f2ae159d65:base": -0.1090800110100094,
  "d391143ded96e816:base": -0.0324130414519761,
  "ebacc7472761f52a:base": -0.17141645883884585,
  "d46ca75cdd63bcc9:base": -999.0,
  "6670d78b522bdd7d:base": -999.0,
  "4f6951a0038c72e1:base": -0.1496993619126617,
  "1980c39f6bd52f8b:base": -0.1080025078107103,
  "7a28ca59e6b390ff:base": -0.14347069691162448,
  "e25d706d17d56acb:base": -0.08674250120813705,
  "27fe2d374c80a92f:base": -999.0,
  "62dfc111de312d35:base": -999.0,
  "ade62c7bdfdbba64:base": -0.14442645904761164,
  "39bd19acab81d858:base": -999.0,
  "bb2c03c2a99f053f:base": -0.14661675812241134,
  "5e839724f3528259:base": -0.08695782761987558,
  "05d1a9fbbd1b867a:base": -0.03541538552491827,
  "e982cbc60ba98e34:base": 0.05225071031664681,
  "149fd5ece8ca7543:base": -999.0,
  "260d9821304a56cb:base": -0.026695208595420412,
  "834d89e809b46deb:base": -0.19065168759126178,
  "4b97d30ab400e710:base": -0.14323260123152662,
  "2e6f0c4c84a1a736:base": -0.12171115720211224,
  "35ac82a6cea01390:base": -0.08307097704327725,
  "5facd4e5a4499471:base": -0.22785364709995098,
  "9e528b06bba60658:base": 0.08366534632885382,
  "5d7a856585597fd7:base": -999.0,
  "eb138a7c5aa80817:base": -0.02643952221637062,
  "9c76f739ad64ec7f:base": -0.06169155782590401,
  "eef36e14299fb335:base": -999.0,
  "8679563303756b43:base": -999.0,
  "e7e72ca3c96416a4:base": -0.15312644255991034,
  "fcdc19ab9732c01f:base": 0.24604027495109124,
  "7b58e241a7c35a2d:base": -999.0,
  "80df1643a4c74a4f:base": -0.06855009018569573,
  "d3b171b56b23ed2d:base": -999.0,
  "eb944a6229d72b53:base": -0.1276831019443712,
  "6347f2924f1f4366:base": -999.0,
  "65b06f2044d373d0:base": -0.12813324484548172,
  "f299a382266b4c72:base": -999.0,
  "a2e67ad16f26f184:base": -0.3802083333333333,
  "5c468f912a35f77c:base": -999.0,
  "390ecdf359a208ad:base": -0.07369190898375909,
  "153c0085bf5444c3:base": -0.08712416817533016,
  "72691755d21eb901:base": -999.0,
  "cb7ea5f1f472e2f2:base": -999.0,
  "c8500d0ca893c849:base": -0.14152608000414532,
  "5cf85b08859c5ba4:base": 0.43274034586785987,
  "a990640416ec9902:base": -999.0,
  "3e7564534e7bb78e:base": -0.10763537856024742,
  "8c3e7d9d83a3e663:base": -0.13549033621635181,
  "095f8e2f0c6bed0c:base": -0.1484382267331709,
  "6d0af435e2f40f00:base": -0.1947305173302072,
  "b79ec533211ddf2c:base": -0.1358121237279564,
  "4f465d3879c7e60d:base": -0.012344552451809274,
  "bf1ac04f5f93a755:base": -999.0,
  "1b1796ecdc607d25:base": -999.0,
  "35a2bedca6b8a974:base": -0.011561105333825214,
  "f847073025938844:base": 1.1436365845421372,
  "e87602c512de506e:base": -0.06494450445278109,
  "9c622d7ad545509f:base": -0.12821964322068644,
  "855ac79bbe733fc4:base": -0.10806418459176607,
  "9c5ef0e2f7936e33:base": -0.11159173618261756,
  "aff6dc866914a460:base": -0.11242009285627991,
  "9e1cc35c0f6ac429:base": -0.24169443652329553,
  "d94a98bf895a09d1:base": -0.25235387165285206,
  "b4daf9255c57b965:base": 0.1218528179872597,
  "e5beb98027f63fa5:base": -0.13354163971269736,
  "0102b5490252312c:base": -999.0,
  "e7921d1f71533e22:base": -0.12172799270603049,
  "2acec5b122a8d3c6:base": -0.032454460657038976,
  "a4247a882cd23791:base": -0.11664716798444197,
  "59442f35bad98a64:base": -0.11489913295240664,
  "cb4593d6bebf331e:base": -0.08390733364152671,
  "7387e8d1ae35ad59:base": -0.17205624711596149,
  "7f2ba72ec75a37bf:base": -999.0,
  "6c401f9acc670b09:base": -999.0,
  "f0ecc53822ed3f4e:base": -0.1804473141800388,
  "4b7764b75f0b359c:base": -999.0,
  "a10867c2e7330531:base": -0.12858711346626406,
  "e5d995113cd9f7a0:base": -0.08216461599082167,
  "04a597742eb5f4c0:base": -0.1485904735279843,
  "8d3751c030d7c19b:base": -0.0842293552664308,
  "0ff76efea8006cdb:base": -999.0,
  "7b8905d2b2ed1d00:base": -999.0,
  "33ade40ef29158b9:base": -0.1128729020487274,
  "6eb674a56b8ce020:base": -0.06718785761505269,
  "28e9d5c57c6eec7d:base": -0.12589268984560267,
  "d2dd9fa0ce0241fb:base": -999.0,
  "f8ffd067a2a8cd80:base": 0.30173941521765263,
  "de979c3ba95ec59d:base": -0.09348926064739797,
  "3a7ff25d877771a2:base": 0.19134151181949222,
  "96e8d259cedaa434:base": -0.08597434145767142,
  "7ca3d5c681695ec9:base": -0.11923820241380853,
  "0e50a39a3109c4a5:base": -999.0,
  "487191f29bc11001:base": -999.0,
  "dbc2e005a85f466f:base": -0.12224207086176526,
  "769daf598b27a7ab:base": -0.11923779791220661,
  "e025c8a345bf1ec1:base": -0.08520394118834616,
  "9ca049078af50c66:base": -999.0,
  "88b9ff342a90a25f:base": -999.0,
  "f7a3b23c4d7a9419:base": -999.0,
  "b44911dd05e29de6:base": -999.0,
  "2b07a300c0accbd0:base": -999.0,
  "521c15ed08aa65a5:base": -0.14518059836951588,
  "1db3f8cf6e07bb2a:base": -0.0669365615849321,
  "a69e1533dc0ff46b:base": -999.0,
  "b8e5933303e5831a:base": -0.25629112172321156,
  "4e60f67c38d14519:base": -999.0,
  "c2431400f050dc0a:base": -999.0,
  "40e89ed33b1faaa7:base": -0.0953891728445429,
  "363288c68a8d1b31:base": -0.08496937113934627,
  "33d373ea4fff9505:base": -0.117607502212185,
  "57b654660883da14:base": -0.34088575880479477,
  "2541bbcf1e718732:base": -0.1487704535429207,
  "2692a936638d41e8:base": -0.009134879294194544,
  "83ad5b3d195c17e0:base": -0.18854142108495187,
  "a8a844083741df94:base": -0.08068550333246961,
  "9b751290ba3c0677:base": -0.1264344655602775,
  "0d21db260dc6de36:base": -0.05697181077761339,
  "6c40be026a4bac02:base": -0.1349131350498323,
  "4a4d49671b332035:base": -0.2574896517857774,
  "86b073680c25a7a9:base": -0.13173675572024235,
  "ba271877fece3ce0:base": -999.0,
  "35236a138ff6c8e1:base": -999.0,
  "f5df39681d794fb7:base": 0.18276422764227643,
  "fe6593d3e8fb9d3b:base": -999.0,
  "b8e6e2ccf6aa5011:base": -999.0,
  "214aad71d401cb33:base": -0.1116570996812939,
  "3251cfb1d3595a2b:base": -0.02025798705118756,
  "db96b515b549ac21:base": -0.09559220356224331,
  "4a87805fcec1c361:base": -0.15951281987755117,
  "386e2096bfd16e9d:base": 0.15290254038536083,
  "4a08d585bba4da83:base": -0.1825252265202346,
  "bf7927e3b63caabf:base": -0.16770541259539673,
  "a3e337d8a3df7f29:base": -0.12551291142476892
}
