{
  "26b86f63a34134a5:base": -0.06270976200689607,
  "ea900c6ddc9ecf80:base": -0.022320970750936513,
  "6b3599857efc5d19:base": 0.015583918273406874,
  "f3613693be44214b:base": -0.06319997491637672,
  "3668d9dbec4b34a2:base": -999.0,
  "b48c7a39ca4a663a:base": 0.2090623346911698,
  "38507a146d6b1c26:base": -999.0,
  "70ddccf1bcb3d955:base": -999.0,
  "3393c37c2bcf2ac2:base": -0.1344470304192704,
  "873ecfdfa80b7999:base": -999.0,
  "f6673d9687233bfb:base": -0.17665183840969137,
  "271074bec59cb87e:base": -0.0859309283398226,
  "881be21592b9f8de:base": -0.028798756320658585,
  "0b798ae398e6a6ad:base": 0.044298854370251335,
  "3a75f66cddd0e102:base": -999.0,
  "c24acdcb1931a4e4:base": -999.0,
  "53a54484e7defae3:base": 0.6622825594844058,
  "b1b8c0dbb0cd8cb0:base": -0.007726796727410726,
  "fd31a2b53dd75a14:base": -0.13874950639800684,
  "58accebf1e9009cf:base": -0.11178035272651134,
  "7285b7bc60929bb0:base": -999.0,
  "06456ca886bfc0bd:base": -0.15283636562393127,
  "d4fdae3e2c62f0ea:base": 0.009668820291094558,
  "65dade7fc073820a:base": -0.07287477532767192,
  "b26941416985693a:base": -0.06790653502618145,
  "5895024d3ff5e119:base": -0.2115895347147922,
  "90416c0aef4fd4c4:base": -0.06781065055361835,
  "d183331a4e0bf019:base": -0.20345677298159826,
  "e2fa808ba2758239:base": -999.0,
  "e86833e74298dbe6:base": -999.0,
  "314b4c99b11dfc2c:base": -999.0,
  "008cc15e1069b7ee:base": 0.10058156690944803,
  "3b70959a1b8f6950:base": -0.16623152881606512,
  "b0825515a94f920b:base": -0.22899909930164533,
  "8d8023128d15336b:base": -0.040077281851302486,
  "0b3b83796ebb13d6:base": -999.0,
  "52ca33528fe73479:base": -0.05099702479757542,
  "e4e548bb52f3dbec:base": -999.0,
  "2a2673e5daf004e2:base": -999.0,
  "432cc50ee9fe81a9:base": -0.22812044464868825,
  "350242defb715e16:base": -0.02272212614332973,
  "7a88958bd1d62e5a:base": -0.1515570834378735,
  "6748f5ae6f8585e5:base": -0.2083472143381371,
  "1b52d6f10051d5b7:base": -0.11830236509176266,
  "74913777cddd4522:base": -0.11558303585307737,
  "eddfd66f81818158:base": -0.09661652065238971,
  "0e28e84d8db4a0f2:base": 0.08378156149286085,
  "f4124cb535156283:base": -999.0,
  "fbe98b7c68c693fd:base": -999.0,
  "c4acf4f693c3bf50:base": -0.08088652860581418,
  "b7cfcdc5d4262d00:base": -0.06917605435319504,
  "eebd756252a30c73:base": -0.3283208858994739,
  "ee5853101f03d5ed:base": -0.10694510556342056,
  "3b65f3d6cdbac462:base": 0.019800416835085793,
  "82e20bbefaab340b:base": -0.0438093265233102,
  "084e7a0eb1442d25:base": 0.0037805149341804747,
  "8ddf317f226120f8:base": -0.02406914447371571,
  "9faeaaf586712816:base": -999.0,
  "be261ba91ecd9d8d:base": -0.029829339003354043,
  "37f1f94a3a80bafb:base": -999.0,
  "7518cfa38c459c4d:base": -0.14660126650054997,
  "287eb6fc47617fcf:base": -0.07693731959005709,
  "671ed7ee6bff0ff3:base": -999.0,
  "a169fb8645c2ba3b:base": -0.08777792352543722,
  "58d164ef6188af91:base": -0.16218986375025662,
  "ad8d4b977c9b931e:base": -999.0,
  "5546c3752cda6963:base": -999.0,
  "11b843df931251e5:base": -0.11755664292264466,
  "9850b6e44df5f4a7:base": -0.16284829349471197,
  "00ca2fbf8d5148eb:base": 0.6044908312667581,
  "c18f69c3517ba0f8:base": -999.0,
  "63b1242a111713d7:base": -0.10238585917711425,
  "46715ae1c783bd99:base": -0.15492553690125863,
  "ffafab2c6afeedc3:base": 0.36798431732085485,
  "457176e3795766c9:base": -0.14935283426665152,
  "e1aae1af39b7eb5d:base": -0.12679663053231838,
  "fcb4f585335534af:base": -0.15647481119298745,
  "134507cc190797dd:base": -0.21856797362327085,
  "453de69b81a60ed7:base": 0.15047783897965986,
  "c93473ca16a46acd:base": -999.0,
  "2f6d936c595ba2e2:base": -0.03636721666415794,
  "98cb77dd09d83666:base": 0.3035457451765649,
  "f03a30f9a0a471be:base": -0.1923128085995572,
  "c8d5f27494d8d98b:base": -0.10340422800865348,
  "42675f32344573da:base": -0.18234304488981887,
  "e15227a3934e3ac8:base": -0.04756222229681376,
  "10c3d2051fc4a052:base": -999.0,
  "fc883a7f01ddc98a:base": -0.06428095985908279,
  "a8580d5838ec062b:base": -999.0,
  "07563fd29a6886f5:base": -999.0,
  "b003d6a42304ec0f:base": 0.2624590422402018,
  "8426cd0ab32f570d:base": -999.0,
  "40d10d9377636a91:base": -0.15206145248553374,
  "e80615e104635246:base": -0.12361584873276632,
  "face9b941033eeb5:base": -999.0,
  "a9065f4e206261cb:base": -0.1488311102011256,
  "ed2534422050c30c:base": -0.07767717034846225,
  "74061b866aa91d4a:base": -0.2055249073021721,
  "6fd8695350839ac4:base": -0.19522003262622759,
  "e49d388bae41db1c:base": 0.12373876444562486,
  "75eb67dc8ddfa34c:base": -0.06462471256231161,
  "4a4791b04218bd1c:base": -0.16697084190005468,
  "b08c87d3a6ec28c6:base": -0.04053434953159166,
  "978100981d4e3a1e:base": -999.0,
  "f5d0e0eda2edd826:base": -0.15628162334373535,
  "413f7e2d9d4b90c2:base": -0.12855785627094943,
  "5001e6076cab1350:base": -999.0,
  "58ff0887b1317542:base": 0.241306151475643,
  "e79dacc8a2d7da25:base": -0.13933677731414526,
  "7d9654e067dc4256:base": 0.6988888888888889,
  "8829cfe4abdbdda1:base": -999.0,
  "cbea31dc1a047f70:base": -999.0,
  "fa62bdc6d0d292a3:base": -0.0876887181810437,
  "3fd9554d0115694a:base": -0.20005815259965834,
  "829d2cad5256e52f:base": -0.18397458005544776,
  "51a441d2a95e1575:base": -999.0,
  "cceae7b9d895e95d:base": -0.18103506167661226,
  "47b26d1cb30adc60:base": -0.06455551387217691,
  "53c23bbbe82a6ebd:base": -0.20367095340413013,
  "73b28fc8dd14bccd:base": -999.0,
  "046b78a1b324cce9:base": 0.0974673451794705,
  "c82cff2dbaef484d:base": -0.09814222606745857,
  "3ea0d88ff9109560:base": 0.343657567083662,
  "80a10080683139bd:base": -0.04338934380255054,
  "76460dbeeccbfab2:base": -0.08054578187293937,
  "3942e32d9c60e0ce:base": 0.04043746325319752,
  "ad645b608fc25435:base": -0.16939754479408825,
  "91828575f95e9d60:base": -999.0,
  "79b28aa20894606f:base": -0.0480514761522302,
  "f1889bf2d1e29431:base": -999.0,
  "e7bb87b5bed536b2:base": -0.1274938421568525,
  "167ea91fa9c16b3d:base": -0.20034118923853478,
  "1660e16b2cc83121:base": -999.0,
  "ad252706c2888ecf:base": -0.06448466410529345,
  "071a664425a1be1e:base": -0.03652570286345675,
  "236272b90cc62c0c:base": -0.08859351094426879,
  "560aa448d144b47b:base": -0.11302096560509386,
  "3231d358fb312721:base": -999.0,
  "97a80c021b3fb615:base": -999.0,
  "7d388d7d65e8a3e2:base": -999.0,
  "4ee41f71676003af:base": -0.07154321571429542,
  "01aae52299f481ab:base": -999.0,
  "076983e1e2518d9d:base": -0.11516564912967935,
  "f38615590637b16a:base": -0.09773804682310422,
  "c746d490ed7f6367:base": -0.1212867998247042,
  "c1d45e78ac892530:base": 0.3585272346904444,
  "7a6fca8c71bdb4c0:base": -0.018760711619533098,
  "0be68420b7366d05:base": -0.11616288717071405,
  "b7a54e1083d26825:base": -999.0,
  "717d6d391e83a5e6:base": -0.1698358603163215,
  "8c9b52aac1203b9e:base": -0.10214281247861201,
  "e3373a167dd8c432:base": -999.0,
  "0021ee5f8ecad8c7:base": -0.20949773538051142,
  "826a9fa22c091c5b:base": -0.13782460986236242,
  "5031cd3b66e6ec50:base": -999.0,
  "1ce48cf1ca44a7d4:base": -0.09800818408734865,
  "d4b371c853380f22:base": -0.12386238590553174,
  "f23c22ec39809cb5:base": -0.148120288369415,
  "6f482ea040019dce:base": -0.12619090755918713,
  "3c49bf5a9dcd46d4:base": -0.1660726050341707,
  "4332b99a6a70263d:base": 0.09692136090252786,
  "27d8726b2c3c2244:base": -0.17604904565361748,
  "4da9515fbe7a916a:base": 0.04533647317887972,
  "206d8bcf43a774f3:base": 0.20219103320222068,
  "34b6264826874440:base": -0.13107337474006023,
  "8f8fc5b6b98ce23f:base": -0.019481387093945094,
  "2e5959b16200ae98:base": -0.12747984198390247,
  "6e82ea40d4eefb45:base": -999.0,
  "5c52bed4e58c1766:base": -0.13787350312645302,
  "e92f481a105ef289:base": -999.0,
  "2ea53cc909518909:base": -0.20957832347974356,
  "a90f4040e6ae76c0:base": -0.14677640609652462,
  "4a8e28fb41243a57:base": -999.0,
  "c3342cc0d653a982:base": -0.16688817474791384,
  "59633f058d2585cf:base": -0.12452965663192324,
  "fdba25079ebbfe35:base": -0.15387392985216117,
  "d2c4ee31e944964b:base": 0.12808053016119178,