{
  "clean_ml_collect.py": 1776571185.528001,
  "make_baseline.py": 1775684781.8465445,
  "run.py": 1776234228.1527085,
  "run_ml_collect.py": 1776570904.4555905,
  "run_ml_tearsheets.py": 1776385214.2488008,
  "run_ml_test.py": 1776234185.0942123,
  "run_ml_threshold_opt.py": 1776398694.8553805,
  "run_ml_train.py": 1776400982.7702453,
  "run_ml_validate.py": 1776574039.753292,
  "run_verify.py": 1776234258.011675,
  "test_ml_speedup.py": 1776235298.6159654,
  "backtest\\__init__.py": 1773198985.371786,
  "backtest\\data\\cleaner.py": 1773278508.054728,
  "backtest\\data\\loader.py": 1773946547.2977204,
  "backtest\\data\\market_data.py": 1776230058.7747693,
  "backtest\\data\\__init__.py": 1773198985.371786,
  "backtest\\engine\\base.py": 1774478603.3066473,
  "backtest\\engine\\execution.py": 1775607596.9853609,
  "backtest\\engine\\risk.py": 1773260735.435922,
  "backtest\\engine\\trail.py": 1773260744.7535777,
  "backtest\\engine\\__init__.py": 1773198985.371786,
  "backtest\\ml\\configs.py": 1776560617.1741195,
  "backtest\\ml\\dataset.py": 1775084366.9461565,
  "backtest\\ml\\ensemble.py": 1775109219.2707253,
  "backtest\\ml\\evaluate.py": 1775084389.5960953,
  "backtest\\ml\\features.py": 1776560660.4875503,
  "backtest\\ml\\model.py": 1776569922.4493976,
  "backtest\\ml\\sensitivity.py": 1775104562.8822918,
  "backtest\\ml\\splits.py": 1775105885.9536228,
  "backtest\\ml\\train.py": 1776400971.5628448,
  "backtest\\ml\\__init__.py": 1775109231.1345575,
  "backtest\\performance\\benchmark.py": 1773417007.593848,
  "backtest\\performance\\engine.py": 1773423657.77491,
  "backtest\\performance\\results.py": 1773369617.3433971,
  "backtest\\performance\\tearsheet.py": 1775075297.6850388,
  "backtest\\performance\\trade_log.py": 1774673353.3531628,
  "backtest\\performance\\__init__.py": 1773333703.50665,
  "backtest\\propfirm\\lucidflex.py": 1776398671.98174,
  "backtest\\propfirm\\__init__.py": 1773198985.371786,
  "backtest\\regime\\analysis.py": 1773978848.8899002,
  "backtest\\regime\\hmm.py": 1773979887.0867157,
  "backtest\\regime\\vol_regime.py": 1776560649.50763,
  "backtest\\regime\\__init__.py": 1773198985.371786,
  "backtest\\runner\\config.py": 1775065830.5118873,
  "backtest\\runner\\runner.py": 1776226160.890524,
  "backtest\\runner\\validator.py": 1774652164.9455023,
  "backtest\\runner\\__init__.py": 1773198985.371786,
  "backtest\\strategy\\base.py": 1773378510.2125237,
  "backtest\\strategy\\enums.py": 1773204330.5219443,
  "backtest\\strategy\\order.py": 1774673320.665709,
  "backtest\\strategy\\update.py": 1775084297.1145916,
  "backtest\\strategy\\__init__.py": 1773198985.371786,
  "backtest\\visualization\\trade_chart.py": 1774470248.72184,
  "backtest\\visualization\\__init__.py": 1774469361.1695745,
  "strategies\\double_session_sweep.py": 1774475249.2710574,
  "strategies\\dummy.py": 1773361980.8794672,
  "strategies\\enhanced_orb.py": 1773973610.4647639,
  "strategies\\ibs_mean_reversion.py": 1773990751.3148885,
  "strategies\\ict_smc.py": 1776311509.8710182,
  "strategies\\intraday_interval_momentum_huang.py": 1773944748.5209908,
  "strategies\\intraday_momentum_baltussen.py": 1773946217.8941028,
  "strategies\\intraday_momentum_jin.py": 1773944790.440347,
  "strategies\\noise_boundary_momentum.py": 1773956670.647532,
  "strategies\\overnight_momentum_rosa.py": 1773944799.7692916,
  "strategies\\overnight_reversal_cooc.py": 1773956699.286638,
  "strategies\\vwap_band_reversion.py": 1773969480.8592608,
  "tests\\test_core_objects.py": 1773944820.6927543,
  "tests\\test_data.py": 1773201867.513976,
  "tests\\test_engine.py": 1774498171.6257029,
  "tests\\test_ml.py": 1776312750.1098495,
  "tests\\test_performance.py": 1773328723.6711438,
  "tests\\test_propfirm.py": 1776347343.803342,
  "tests\\test_runner.py": 1774498838.5236478,
  "tests\\test_trade_log.py": 1775105791.6888578,
  "tests\\test_validator.py": 1773280655.317104,
  "CLAUDE.md": 1776570119.467427,
  "README.md": 1773259696.7415054,
  "strategy_spec.md": 1774623142.0911303,
  "docs\\superpowers\\plans\\2026-04-15-propfirm-oos-pipeline.md": 1776310958.8699074,
  "docs\\superpowers\\specs\\2026-04-15-propfirm-oos-design.md": 1776310233.190776
}