{
  "25K": {
    "threshold": 0.39743589743589736,
    "geometry": "frac_dd",
    "risk_pct": 0.25,
    "ev_per_day": -0.9093,
    "total_cost": 628.56,
    "roi": -0.9892
  },
  "50K": {
    "threshold": 0.39743589743589736,
    "geometry": "frac_dd",
    "risk_pct": 0.25,
    "ev_per_day": -1.5766,
    "total_cost": 1080.28,
    "roi": -0.9914
  },
  "100K": {
    "threshold": 0.39743589743589736,
    "geometry": "frac_dd",
    "risk_pct": 0.25,
    "ev_per_day": -2.1986,
    "total_cost": 1547.55,
    "roi": -0.9931
  },
  "150K": {
    "threshold": 0.39743589743589736,
    "geometry": "frac_dd",
    "risk_pct": 0.25,
    "ev_per_day": -3.6076,
    "total_cost": 2489.03,
    "roi": -0.9947
  }
}